Axe 1,Axe 2,Axe 3,Axe 4,Axe 5
-0.4667283008837591,0.41974382017804657,1.1106066030515853,0.06399261807770046,1.0643673205497013
3.212692978212268,2.0877514537610358,0.010486692313326034,-0.2924514070483961,-0.676345441166148
-0.05015506784478646,-0.867762014759643,0.3433114608638329,-2.0262946955030383,-0.06643492125060722
3.324674622815596,0.8400209247448336,0.17450963182932797,0.40379370731747233,0.8260055337575827
-0.3666227912066512,-0.7977631158355439,2.3362868195513915,-0.8905354509582045,0.2708499864241434
2.3852308021748776,0.7297169470942356,-0.9213663961707609,-0.46593053696083075,0.5476493522904233
0.4121046324691738,0.7464006485353002,-0.1269842396870917,-0.27435315068854665,0.3813839431009199
-2.317477849702669,0.6696564872579449,-0.2710693889946607,-0.015085977658221473,-0.2193608295986849
-3.4211179721323504,0.8544535384538113,-0.5341537987865729,0.3788357083928229,0.9937082741168144
0.0970435970448897,-0.4487103367527479,-0.020180025446718878,-0.11558566672101728,-0.5276019064554371
1.1791383513917166,-1.4232486290633417,-1.6936230977149922,-1.1094669104871855,0.28378413617672427
1.0099564268061196,-2.4226008762049256,0.739903975780023,2.504753388534851,0.13722205295581302
-0.8825627729311586,-0.3363460059972535,2.4565919170214596,-1.7780129061610506,-1.208443513664523
-2.1666995212550377,0.8676069923195313,-0.5350034866425856,-0.48482224495361204,-1.0227074846699322
-2.668936174566442,0.7692734748245615,-0.18330854518879758,0.7986210654342314,2.4216682188301104
-1.0624902499885818,-1.6957124094362408,1.176065173254459,-0.1751983482669697,-0.11296702194735905
-2.6074636443595396,1.1561460566338708,-0.2617972408932763,-0.3846346831333794,-0.039267659204317525
5.999444144362945,4.531179777595379,1.8202950195879706,0.13697678649311268,0.6994938982692117
-2.355227213398564,2.237677166467561,-0.5616960722613953,0.22416856531155338,-1.8372555218348698
0.8741373112356905,0.5194378381133783,-0.3419874853439264,0.07169045694235415,-0.4370089109403031
-0.029086396746562642,-0.02324431693964977,0.5699303717232017,-0.12648732399776064,0.642034536095204
-0.9554931623752917,0.4768784388170965,1.0417978160835735,-1.3842814602349793,0.12425702622212481
0.7990133456325826,-3.534764816313203,-2.613819314631173,-1.1827333815956511,1.0227582190262363
-2.745766059736866,0.7461130461132163,-0.12027748580985018,0.254955897029497,-0.6394757369142764
0.09344133942227872,-0.9203707822493757,0.5135062071870654,1.3352717769351636,0.6844917925313773
-2.2551705606699293,2.06713275226407,-0.5752120138794984,0.39004434540348015,-0.7910690365958236
-1.0908831836895103,0.8359606749544906,-0.47782031668190356,-1.1650542538417343,-1.0787654486479714
1.3757936692278678,-1.7013760324595295,-2.135173137782276,-1.4564236388815852,-0.15660420672834738
-0.6524941318360213,0.11725565208608324,1.8151358136012563,-0.9677459205603776,0.983347660741852
2.2342379270223867,0.9581417813891637,-0.04340121340748305,0.43066063402399074,-0.17030894158517404
1.4990052464853578,-2.551824546235812,0.06411683369712366,1.1537434597227882,-1.2513390246404466
0.301064166376378,-2.303427908350611,2.569595906525415,1.2134195629824713,-0.3535025056923626
0.7989889332699658,-1.5135720212031012,-1.233841440816974,-0.6853941939419712,-0.172175299761805
2.0873514328948386,1.600758204941682,0.1546717207080319,-0.6347752382569521,-0.6144281339573532
3.4786688017533445,2.903754873614073,0.24223408761116152,-0.40563958496375474,-1.505692057405405
1.0737901090318922,-1.5095531912390305,-1.112031293980759,-0.6447583571304443,0.7204513474844313
-0.4723414511943713,-0.3077102039247729,1.6314812535774261,-0.5659166617392621,0.14131703007755886
1.111009864859439,-0.910682793364207,-1.1560075331332347,-1.2511251089523494,-0.26205862344164
1.1781069396548758,2.0634428722820446,-0.4982373870687598,-0.8173005063683593,-0.7896906357353465
0.32674400434248546,-2.283037962460895,-0.33787736414986896,1.1525700842101705,-0.35260225914461196
0.3226067248524934,-1.3133501665366925,0.9703178058461905,1.8975639236934145,-0.02701456601260178
0.05263812369311513,-1.3308427205702766,1.1865741638286937,1.3683933300718474,0.1543447673852495
3.422768270154362,1.6737686437193708,-0.09881190723292459,0.26525593613421,0.570093511971192
-0.002171110209844002,-2.687034190753779,1.3045858601247526,2.8868063198440197,0.9653219862133642
4.750043395605238,3.7372673687194324,0.17481117038596175,0.8733647528430688,1.3166251531284263
4.0117121318347175,2.8062490740360237,0.15673253495195935,0.2104884372659936,0.270765740687136
-2.6693715376690914,0.5946605976005854,-0.5441644762718928,1.1376904741008083,-0.4606920662646495
-2.2642653213182644,1.3280134600507656,-0.16133584051140493,-0.1804780905057531,-0.5487795199024487
-0.1651270319441212,-0.6051220820552045,0.9045069973777334,-0.23918014152769873,0.19829789582834564
1.363026318884934,-3.484585775878099,-0.9046310848296296,1.7087363906314235,-0.2589453108049444
-1.9945038253942917,0.752515482601174,-0.876098650958142,0.05122286894483295,-0.31735042168543093
-2.8094270426983923,0.4662055938640407,-0.387548224961381,0.41568047964809113,1.7619224879141437
-0.6492882898096646,-0.7484246955984398,2.327594635348716,-1.4921009874448017,0.5371050366402367
-0.2559205086874461,0.9228389438454484,-1.1304229953874037,-0.5038499736742288,-0.8423773018756676
0.029935983672004455,0.4663444838614407,0.2220588519243419,-0.15382052357991163,0.18285601124070963
-0.07419144997024006,-0.8965964068169733,0.7030472864381307,0.2102253880670365,-0.11252641621516679
0.7481267897931025,-1.9169741721359292,-1.8813039858716174,-1.3178258180593845,0.28033323159618123
2.4130888823804724,1.1974466637538972,-0.20487454663355983,0.5938644725244853,-0.5059441789111812
0.0803203590280881,-0.15289973790082598,2.6278800482315994,-1.445169434292647,0.24374660011069987
-1.970164817122382,0.5285862177230656,-0.6198131933381378,0.42968898014467066,1.3671505726510167
-0.0699423757852197,-0.4696721967649489,0.5429611256868595,-0.3441269977074232,-0.6313509506397429
-2.2570519561122415,0.9064394934066878,-0.3977653035746354,-0.7157959504394309,-0.7552096342503393
0.533704006156007,-1.3552762223460815,-0.8153490217000058,-0.22186313584042103,0.2489429889400617
0.4690085270800995,-0.49310164246166793,1.0790363679110306,-1.8024448839586285,-0.04836482098559806
2.8988428396478887,3.630224796039697,-0.6257125533259584,-1.1748168516150903,0.48683236811462194
0.6137174347525564,-2.3211303266315255,1.496963608933774,3.012245061554379,-0.7679921490883014
-0.05826408310570758,-1.2670605012734217,0.7408162804888521,0.8789307124271027,-0.49137588000890847
4.47446951349671,2.0787218574864545,0.0035385292955384994,-0.9540606556074679,1.3808678175113573
1.6436386488385237,-0.4989370275798716,-0.7176030098723818,-0.750573008815704,-1.3568667482992616
-1.9000554535257625,0.12150158169455214,1.2662900506737953,-0.947300415204202,0.3900113876585202
-3.36427656087773,0.38831094818828443,0.13511842479111227,-0.8011179782489446,-2.057985970149825
-2.7871003766449665,1.4792082184333093,-0.6658627940008833,0.15383688096279333,-1.0585033139416762
0.6671092910681012,-0.5835706831073931,0.10636515463619393,-0.5452377919616161,-0.2742791617421381
0.36271593346804876,-1.9131296147239605,-0.5391546288205787,1.0036242266952367,-0.5575754836768272
3.07206932252345,2.1036678678267657,-0.03192751582980874,0.5520493613624537,0.4802931812044269
-1.5091072300299568,1.324839339492959,-1.0866843940182895,0.6289042293733852,-1.337153042473361
-2.3466908268832283,0.5323706245201478,-0.3512982892310212,0.31286619733048243,1.338584050496043
-0.24779882764355637,-0.3449386393088765,1.1377664575858553,-0.3838775943139796,-0.23212885521336318
-0.7119018294478932,-0.8861423014549468,0.7951456092405482,0.753784919611695,0.9666968218323266
-1.0167426739292431,-0.16789555188826527,2.3528396991136233,-0.9871619986810066,1.090201514765211
-2.816762188370893,2.044167293406602,-0.21996686398888354,2.393206008213772,-2.1069922203068825
-0.35578599863865,-1.4238128072034224,4.485509722083152,-1.864906770604187,0.6658333028473006
-2.312293601721362,0.4248545889200676,-0.5677830843519658,0.27615103722945616,0.3190254024856916
2.7120810344729613,-0.9399352967211438,-1.369601716345685,-0.5129082329619286,-0.77186891089578
1.1176427541846172,-1.566247819730442,-1.4682636410196899,-1.1885408066717864,-1.7881232613558649
-3.3202204316501187,1.056185874995232,-1.1997426009818246,0.42027596320684457,-0.6133495875087884
0.985082264880453,-0.5160801081524073,-0.6777308552854269,-0.367385263629001,-0.5476286564784405
-2.3798456265403662,1.069974374049182,0.3836222271263128,0.07050191823945527,3.609778601033272
4.171635056673125,2.216449339057493,0.08044812152282167,-0.2936278083312007,1.1881409482865355
0.3136977294158407,-2.1448827181871013,0.4321352944543274,0.6198729778654836,-1.6281719376110995
1.9422793327663666,-3.2766973220982174,0.8921802054318153,3.9214962745848223,-1.4449751862754137
-2.210350749354592,0.4404492223915135,0.1265519761693064,-0.13915053223908555,-0.10947797579400116
-0.6557726402213044,0.2312187390701114,1.1217725402085172,-0.5154281163637373,0.5875683644006142
2.2224720422016433,1.6871793041889833,-0.025573065428107458,0.46240010275339744,-0.2863349538013936
-2.207500994253123,1.1735898648279313,-0.7655430412004067,-0.20294774076920777,-0.8074110192090375
3.2408928169561775,1.734264213514092,0.6431612061495862,0.3375481448884255,0.6098809289768922
-2.560115590135336,0.49064521489294316,0.439780850439058,0.0025885648329387933,3.2297666355081764
-2.4508042708023354,0.3640238948947628,-0.15060869007939534,0.7676807025742031,1.918342814551744
-2.656920084602178,1.4871617872604614,0.05685421942236471,0.8763600359093753,-1.2905065387170995
-2.986309172889012,1.2671743128923374,-0.34547077971394324,-0.2766648632750246,-0.1312968667993734
-2.0251359203051216,0.15799082256762995,1.105598833238906,0.14363899202955185,2.6827870039015655
-2.683793506691984,1.77353143447965,-0.9358711121931977,0.5695525657657657,-0.15196638374451688
-2.4873213103426215,0.8397272171607463,0.08482284173270146,-0.6316880423236199,-0.44015610328549437
-2.562225104031833,0.4438707071982594,-0.34135282601874356,0.5412691011454721,1.9630035738149916
3.0902734593586914,1.5328382126510678,0.4470892854119497,0.3122682699674026,0.8845181111263264
0.6859252095300477,-1.561916185017853,-0.5780918524366166,-0.24974845453050049,-1.1849284913584073
0.5434171206944785,-1.6935132231889622,-0.37794187635516713,1.0726697944072616,1.4320573743938207
-1.3526435698812813,0.7163878509842059,-0.4345509126825648,-0.7041724412191055,-0.7993215007078429
-2.7618215410360363,2.424352865128787,-1.3396449271792108,0.5844436535557354,-2.093363192816746
-2.527915134291312,1.761434801714964,-0.3973819685755297,0.2044045338341315,-2.1215540565159543
-1.3167350821169643,-0.16432737424375715,3.5576892160022355,-1.2263224955017775,1.930721102709163
5.268083029145572,3.2168131554547568,-0.8740162956021086,-0.3771296049108507,1.42005958694089
-1.0452525044902483,-0.31739020521314143,2.791751167093476,-0.7191330452361105,1.5778310494828927
-1.9730529419845022,0.4543658064064317,-0.7755476760839899,0.03368932475016845,-1.7352575291073296
0.7793961862786789,-2.168682215139473,-2.017297647743542,-1.0730653553231184,0.2808992874417997
1.8101457389002662,-0.519427690061262,0.6176319989185156,-0.7821591280891336,-0.9742512690926314
0.11313100347467371,0.1363346525627051,0.6282353996041161,-0.8058327375541428,-1.2694074647536293
2.441452802524392,1.57103263916373,0.41191618133465946,0.18149372930368526,-0.18787670587156732
-0.07537172296655162,-1.1496238311175853,1.1856943302608287,1.2756591196574056,0.4629593012987153
-2.406893654645897,0.9651363259617685,-0.6587510066972317,1.1028049721323039,1.2450584647359166
-2.0977986754656115,1.5442264342909702,-0.2648819380181519,0.34017672672148824,-0.42225589967929006
1.7766405066120428,-5.767760730148274,-1.5575049198832245,-0.0839038023185963,-1.6678841855072295
3.6896303439194513,1.6929454418445866,-0.3727203765852522,-0.1456366172643704,0.7812218721901645
-1.4948422350932304,0.47536155646944533,-0.6316203596841807,-0.4712414856714439,0.0733701355410192
-0.41017543550075897,-1.0371650445233396,3.1262381586854557,-2.2007044737631616,0.016214440282126697
0.7191139234008338,0.6057031775921469,-0.43685979903767214,-0.02128154465009471,-0.6401906651247891
3.3288016733592998,2.6843327614263335,0.09026766372422022,0.626810928723791,-0.07448999000828845
0.44062310694497414,-2.2533970247737165,-0.7943027845673506,0.29848109545988194,-0.8169501331770905
0.826959123673342,-1.9561794816161884,2.8585175113684107,0.9600069977494731,-0.8647996857273482
4.868866374725788,3.4164595932917563,1.271794490935183,0.22418200090974125,0.8517741751611524
1.0221693414185002,-0.9886730805776618,-0.8161561553315627,-0.8882517201522568,-0.5967272595791219
0.6798622731298403,-2.4393099485697225,-0.8496708078898855,0.3321874081848472,-0.5900157144524932
0.2631605606673911,-0.8206361067393146,2.6234704380973835,-0.5267970976594056,-0.21808997531634686
1.314179407881691,-2.487507153604684,-1.1753724703638355,0.71168573661176,0.5176126565609981
-3.0250777253121193,-0.005772327185782818,0.8868561413547492,-2.2657221247570734,1.0346384719941992
1.387233980698109,-2.1948465744399988,-2.0418989839495194,-1.3407343906013254,0.6797923801412842
3.8994269370658547,3.77975715235609,0.11266022520201227,0.5895778236558252,0.5260165024906216
-1.625184409212699,0.6486994628303995,-0.3885078954735094,-0.6488958810917455,-0.9355901507244345
1.1046116365484444,-0.6509696636202392,-0.7534212045106288,-0.8672319865718977,-0.9584823550105843
1.2106784571567664,-1.5101165981508085,-1.0633634408341415,-1.4229544504800498,0.03302590255091546
3.4832381761754783,2.3645523080354938,0.5029578174668669,0.4049895117865558,-0.4641739445908893
-1.6057031178744399,-0.5085931076166749,-1.516026351446531,-0.81940044016894,-0.3621195224613369
-2.119236000463094,0.52331074379969,0.2094720115691284,-0.25063969033962524,-0.11005755205439863
6.011901532255405,5.848713334274194,-0.5895534753238323,1.0140355759750495,1.6243443511329312
-2.420385660645716,1.0516518775600765,-0.10409081339619365,0.5644023664624371,-2.636508653516958
0.6305073948445113,-2.414501750958217,0.1817428808315829,0.9945967466122293,-0.5738690749356222
2.387005669339012,0.951229497230126,0.3463546371117831,-0.4664584615059816,-0.5963635997823601
-1.6494841220874672,0.9981549301028019,-0.39000049972752165,-0.22340931532099656,-0.9835959610165014
-2.1499815565779383,1.2355927642873203,-0.18665030867449303,0.1732958997649004,-0.5661038259667662
0.8619930999171691,3.5051092792611596,-1.3106782921501638,0.23156238591831702,-2.0847059213288097
-0.42457004020500233,-0.2458841001444303,2.8091266105733013,-1.88996915553627,0.0011452908892903724
-0.6641738163357234,-2.4546040059051863,1.4584414481380563,-1.0877519218683558,-1.0328820102929777
-2.7232968677320115,2.6660223968725165,-0.7268024779607608,0.42188796239826365,-3.355195874967219
-2.974413655497755,0.7498929708359449,-0.3184598997966503,0.29639718108752655,1.8155733444812174
-1.749372453411596,0.5580863103668056,-0.6423716488919001,0.16767134703847678,1.2939900339497779
0.15980732368680023,-1.458605830448103,-0.9030598499753313,0.2059075695154147,0.7446383551485073
-1.5279742737852484,0.33674604691931814,0.9810058743833487,-0.5771476053128637,0.5882031914606575
-2.6859986046280064,1.5130153227906227,-0.9383759658985614,0.5935632374528556,-1.947744042714621
0.8147493149688285,-2.9297722695103605,2.7036612351753884,2.6617263930683666,-0.7531397929131797
-2.819713084367428,1.5349955612214854,-1.2568758347928897,0.40296958575987696,-2.4117887770041198
0.8723400915635696,-3.201053298892337,-0.8634212188292891,1.482344765605935,-1.6264380798559088
-0.27531250401495283,0.620684989878473,-0.43066865981488367,-0.08623951007376549,-0.4697919717829638
1.0211422063406868,-1.852238045198283,0.9411728922630288,2.2590353385737747,0.008591377880098911
-2.509021060777017,1.1589622590225521,-0.3372814589627169,0.024959554116469156,-0.840567619999069
1.6995398656132783,-3.1627963361489004,-2.923452727938711,-1.9093484232151425,0.9624469577070814
-2.084088678390789,1.150726130902867,-0.8749559372016059,0.6400309349973801,-0.27738276682276986
-0.515371614721758,-0.7216241805558498,1.7733335993651955,-1.4381380616464972,-1.1178725584711897
1.7352749963620513,2.0604403597214715,0.08619550930730845,-0.4194274593618886,-0.9102726045044232
-0.6726319672330564,-0.04905771168337328,2.9801791399781603,-1.7782965196491822,0.025171212189723013
0.5911594507339405,0.157523106263535,-0.15755629002693497,-1.5549833785709584,-1.0904830940873336
2.3491121285532413,0.29286557453295464,0.11057700263055036,0.3158539508487349,-0.05772146911410739
3.266943947161475,3.241478667344495,0.5679635565251916,0.12741328417298228,-0.399701456399833
-2.255149011913575,0.801739313497161,-0.556273774451484,-0.06545172142407887,-3.4110782093793297
1.21945635036308,-2.6135436716384235,-1.5021030687608843,-0.6550924412285283,0.5117505762599233
5.112921749559415,4.332813458957782,0.6769212720920464,0.4137946598631887,1.0409945687354025
-1.9878258809139902,-0.5668477677171324,-1.1138612521746445,-1.8020442739184268,-1.55438274503128
-2.1356294519759125,1.1249462115308935,-0.21506341197421827,0.1472767127821423,-0.12601539592798
-0.6914755305495349,-0.2230188735476257,0.6732779569603062,-0.05733056512146982,0.3596363788767293
-2.5016091734088732,0.21784178867369444,-0.16183212240208858,1.0184137129676496,2.365408248037435
-2.5730013829486085,0.8265388804418773,-0.05119864273521398,0.6512623461619229,1.2437223672829498
-0.553531120768691,-0.6605270127645719,1.4693437545564447,-1.4797318442781178,-1.0740894412678081
-2.114963720177008,0.31799120385624885,-0.016488067571706278,0.9472098644653183,1.5183617920241383
0.37244987756867326,0.05232669147419825,1.4735520993843207,-1.6116729465084412,-1.731126671634786
-3.4106696436485393,1.9922121354490125,-0.8324687987433108,1.5902785316414572,-1.34884588967838
-0.5635565346754052,-0.20101745659474582,1.714083551931004,-0.9179750357564431,0.321958702198178
0.23824568996869475,-1.2776078254654668,0.8729145641092085,1.6841883422524857,0.032592210692162706
-2.7478310851311596,1.2434732864550075,-0.18217605319719904,0.962280715820584,0.675579367563288
2.0306603812751898,-3.7785680259531813,-4.36951094170617,-3.929105471539099,0.9666759076068411
-0.09340480106610655,-2.570373775089656,7.0352173379825915,-4.446360435306313,-0.9636646124907846
-2.286876846201473,0.19581741197809444,1.0787688175052512,0.08350554937527367,2.6977286195622985
-2.3868073957831357,1.0227118571013767,-0.025995932173558525,0.8480194640873996,1.940600507486822
0.9637458280320728,-1.436675259365981,-0.18292547580447374,1.4852927286903128,-0.18017020344574286
-3.078456268047856,0.7059556730397397,-0.6532885991075789,0.4896972952151938,2.1473759029384465
1.0927284770426768,-0.8826768066877184,-1.0211585258115987,-0.30688875426084905,0.27322349826547376
-1.1175522754019187,-0.2601069861705221,-0.6124541660615227,-0.12239426790111613,-0.023343178703201975
0.42179512795053203,-1.1188342327766705,1.0603133721599247,0.7853018871037346,-1.0487480348082487
-0.9080253727670436,1.6924150778114853,0.08405753899568441,-1.0940299652762229,0.8647106007602751
0.1755878394299904,-0.9785548456791049,0.4299707927729418,0.8395757242784689,0.06565327454478125
2.742015069275433,0.776529833217951,0.1201264216371599,0.8878911281256036,0.08614463514500866
1.3995572864955195,-2.624072220135294,-2.442051868807691,-1.7256541915686805,0.4839909927680108
-0.19440156010601597,-1.1099632540475781,-1.4762045277499507,-1.6464843885374643,-0.016708137172499617
-0.8973297650611927,-0.6806882229503574,1.6824014472881932,-1.0492296212675163,-0.05052763597015759
2.6383762142207825,1.9844226423906628,-0.1902913922689309,0.06319340184427141,-0.7424144039392931
0.2878361052058726,0.9716846989327442,-0.5496475113931468,-1.0996034872274625,-0.4781142879696763
-0.5963166772172834,-1.300160117130184,7.770679564877617,-7.595328996306672,-1.4094119141173602
-1.6684552144285387,0.6608296634421629,0.004286560553525662,-1.4723952055176488,-0.17834993895537324
-3.5353572887418605,0.5737495184726101,-0.4303053343187999,0.20358040476019387,2.137412825453717
2.571480215195654,0.5203344474878607,-1.5617816810196867,-1.4946613205406032,0.989169161537513
-3.4058740824264233,0.85900979232595,-0.3993758235483653,0.7242237807417591,0.3748057615984568
0.0815859874259539,-0.9679330431849678,2.0773085934680022,0.3966663532346344,1.1653156147576098
0.3385310446103081,-0.4457185248072064,2.400796178453095,-2.054852729072374,-0.628096783644223
0.31171340099317696,-2.1883260800683386,1.1237375501331184,1.8455266693504182,-0.2997128378980944
-0.2865196047573726,-1.2311313000058652,0.8670551392326568,1.3589094336113703,0.6793706070569671
0.2720441403118302,-0.7272763158669203,0.3102667407548215,1.1554154561744907,0.13151315246046918
0.37811250242019956,-1.3186380595588543,0.25257527961275106,1.1093091336621257,-0.7383797779096785
0.29940138502332886,0.29264290385511366,1.6079100083189746,-0.1637614077495654,0.3157774222340259
0.014984787411107677,0.050934290781236256,2.2762997943805807,-0.8270895075266759,0.12583397679529237
0.9898464583494346,-2.0956393788781873,-1.7873963754136815,-0.050884210543935986,-0.04527967482024833
-0.2342593101465315,-0.8926811867515508,0.8107356786434006,0.18174139203384698,-0.22422242293380149
-2.5582697109323838,0.6666561734903546,0.10331456344319989,-0.3603937025831701,0.38739555476110393
0.832392310824136,-1.7175732078876447,-1.1302408360307896,0.47751220762802027,0.32071515750176605
-2.880061303027654,0.6236801186526121,-0.226634087864123,0.5799264054184593,0.5991601241459835
0.09922020271915562,-0.5128516228220488,2.3669611071557433,-0.8756490262493611,0.3164457984695207
3.945400436194383,2.8624127774095793,0.501452245274415,-0.7415734955870409,1.1097104028119198
-0.7978551426407196,-0.5433073493272673,-0.1365779248430408,-1.0491306157107443,-0.6071371422574635
2.5184394845697953,1.6650445708721933,0.6107306527669893,0.08470126615349523,0.9306470996394056
0.5967481038706959,-1.2520455811659434,-0.8084051283921061,-0.457729775655374,0.43356570416832824
4.113189315036763,3.7121519567466943,-0.24656492242713807,0.227361980397906,0.24340707156860764
1.8922904030480387,1.1745015618810815,-0.10428986403226716,0.5123075890206672,0.001690688480675543
0.9834753476149168,-1.400149684262304,0.4278085247087139,1.7922234715213132,0.041504655601754564
-0.49783898271632276,-1.6381230384881715,1.4120075777972398,0.3076908029749109,-1.1469353699415366
-2.934292973994428,0.8081753527739162,-0.6554065571708815,0.9244080785626284,0.7695012502303359
-3.1744004450751437,0.9964604184965237,-0.523472860950291,-0.4297877198958266,-2.2707601005287983
0.8321433169563801,-1.5960346061690593,-0.30881793255405954,1.0466019974684786,-0.009664361111608726
0.8372898681172104,-0.44697070688172014,-0.7493217784046894,-1.0084861216175098,-1.1002815809873767
-1.8185085378707304,1.5027174557867824,-0.3181773659638416,-0.3417481966796703,0.44227830170103516
-2.1056480982923333,-0.08460591483459678,2.9795251764498274,-2.325243375004424,0.6716758514540812
2.5396874090202393,1.845707537348995,0.4856743790203201,0.12427326114134907,-0.07050115973199093
0.10711598318253399,-1.4221987565180485,-0.08050578242002812,0.7716546662136642,0.4122019100613183
3.918695506160946,1.8852877013138354,0.63258667191673,0.30219311303594426,0.8390058743896305
0.240543740318512,-2.023872234225307,0.9641677684925611,2.1070720384921877,-0.10832648627856545
-0.7790523742297799,-1.211013658675782,3.519992880527582,-2.868648489610389,-0.4049330794322077
0.02397878586699473,-0.5838930195609439,0.8176966856499623,0.21891213100794973,-0.6155847088431272
-1.8899910974928038,0.6745470060720705,-0.07405663316895324,0.0055437116583613374,-0.8938800880399398
1.5799206323898451,-2.5161679058351063,-0.8534477017343916,1.1406212770275208,1.0329067983489264
2.7691356908277043,1.5804992404332388,0.6826933350247196,0.1887133810840531,0.31128803901517
7.3920582550194585,6.290588451846068,0.49874101084624345,1.5952137143873109,1.0076818991521177
0.05530679301113882,0.7082404400063625,-0.3786692335678975,-0.6482401043024869,-0.05247325876389888
-3.086493515853534,1.206332769363925,-1.068651352042629,0.42081557471904507,-1.431159479002251
4.993435994037262,3.1595752919337867,0.5431030900706982,0.09294463225871254,0.9231950280147743
4.287132261370969,2.7767529068881514,0.6418023065699833,1.47516526459943,-0.5746827392730105
-0.09082530584078466,0.8000269506731011,-0.19443882541169255,-0.36473093859122063,-0.5140511465136575
0.8118440353921339,-1.9028105121423657,-2.606081630892895,-0.9880521432926186,0.7298363430550507
3.4953485679992236,1.8920425952799103,-0.023701168468544438,-1.2540686431824142,0.21859446145349656
4.2258378667895276,2.8009343161583784,0.37350437357646643,0.6397052522212406,0.6991490152037292
-1.6863976779589946,0.9845900407614044,-0.5623102280202512,-0.172988124951085,-1.972632551659021
0.49599029908422715,-2.659766919545646,-2.9527614797133714,-2.4350554825178197,0.6294408453974428
1.549570524238841,-1.8894640839911216,-2.3205715374298257,-1.6546307701187706,0.9476611593426864
-1.9286937618440618,0.30350070716261773,-0.4038595393812678,0.04348201373102028,1.1337500385895911
1.5805844804460434,-0.487200870862951,0.4995421598447266,-0.8503958671301768,0.03643671528180563
1.9458191318076759,0.791627675801676,0.1210091442787543,0.37377251329575234,-0.36045735965314984
-3.2133456769630446,2.0138794841141476,-1.229870597643764,0.7693640484389218,-3.158413522196226
1.4601819839081596,-0.9773925077429867,-0.21664601560693172,-0.07023276173661848,-1.373456035142277
-0.2994196227114943,1.0922777911120267,-0.43134869563366246,-0.45791810906007485,-0.918831375165838
1.9975892198016691,2.708079158637906,-0.30370977123662707,0.7050701898699456,-0.38115338336650206
-1.0721127956802328,0.14258444552614524,1.4190000784247034,-1.063135180761632,-0.046188269758091254
-0.578820513866027,-2.4056621351567644,-0.7530485940425631,0.6932890977928433,0.5484082098507983
-1.8450021157755352,0.3083779105938398,0.4746371449439895,0.5818280050655308,2.6620271737619534
-0.9207501366869836,-0.6172882771432057,1.0174546790209988,-0.4899919552998474,-0.8181643811456636
1.4499757339469248,0.04147924525006689,-0.016545503146829645,-0.7072071133218375,-0.5175341999278529
-3.169430336599163,2.4710574255516122,-0.6422343186162572,-0.1117141765607727,-2.386423527521522
-2.587406275081594,0.7098361761001395,-0.5601655849071129,0.668188607956312,0.923868396766481
-2.427605156942753,2.243648699042089,-0.9706981492494254,0.787076793240716,1.5539459454884357
0.37811335915824396,-1.094596609656877,-0.8670624098795472,-0.7373456786217588,-0.02326394040396045
-1.0815612569273012,-0.13556968792297788,2.2755981586207574,-1.819496454746926,0.7765113732437754
2.9960688144696124,1.5027174621896824,0.11603118465591353,0.01592528408882854,-0.3364484203722639
2.4697133529153805,1.1903111399130595,0.6821807204631203,0.12733850485940856,1.030745223099269
-1.0973319565130837,1.1444457523711702,-0.6351665861839301,-0.12324053678747937,0.9833832787974445
-2.2409618811137597,0.4774783623000617,-0.3895297699366007,0.3754165450651894,1.0458284649827394
0.3805321562697823,-1.3184542452376362,-1.1271403295912246,-0.46935270541593,0.1366860386649461
-0.07703316992536123,-0.3867336859504957,1.051274074343993,-0.9785315187951616,0.5453398451519608
0.09283913483278135,-2.2271713062884912,-0.8978318048135666,0.8223386013826746,-0.7091110260303286
0.9028483820043293,-4.396943061703168,-0.08013919336208884,2.240400381577937,0.39871362589255926
0.2296232520415451,-1.2852197459807322,1.777694507645697,0.06376073983690612,-0.3014086326817546
-2.7925718122556966,0.4617693247825606,-0.503238050310251,0.5091099243416506,1.9170160985853604
1.5896128955598792,-5.017211922561924,0.2694940345615099,3.1008623793000814,-0.06753034919730894
-3.0226306720048397,0.6307815173245748,-0.41114377062103474,0.30976331345805846,-0.5883772301218657
-2.3603006767319354,3.0478687263671467,-0.17189965911563374,-0.41110755404864996,1.151305124758832
0.8423446257222643,-1.6629746884606667,-1.707549429945363,-1.5582267181278715,-0.45188195673448595
-0.9614076211307221,-0.9681293177967717,2.5042490315263484,-1.609667151381955,0.2577676921499144
0.47722262279816435,-2.3272487689778507,-0.8627470110594694,0.7138052295214123,0.325947747982556
-2.3416168654357805,1.1397064879141956,1.9540402723001342,-0.9409743625413953,2.326986092760174
0.2729638134439581,-1.1541747459476963,-0.5335946969573463,-0.7588569254367717,-0.6355752936667654
-0.29554693461514936,-0.8126670367142664,1.1149409024279957,1.120102131457832,-0.4646630991622611
4.421851217295659,3.0504266334736263,-0.12952479368090788,0.1420927724187288,-0.06550253912219649
1.432346104175815,-3.4246986679522737,-2.923956173941401,-0.06338119603549505,0.5377116933391662
-1.6551522411021482,0.1700213802309452,0.3401181951848584,-0.4912401925662896,0.6174917796622383
-2.565521764117086,0.4167772507438696,0.2949585067310612,-0.24663475428799866,0.5816302762218195
3.073207981533978,0.790889473065352,-1.1532979141815947,-0.817418793161447,-0.3125607946710028
-1.570997001175298,0.1717269205090209,-0.3743900442123041,-0.05948831758012359,-0.5913183492549454
-2.7736042238081047,1.7377150356682645,-0.7844337319890422,0.9916541843727406,-0.7300955716958737
-2.5570602496782975,2.1884726826775993,-0.9338926642281831,0.7347394729473572,0.3121236754341501
-2.380837809486875,0.4684232522331426,-0.3142215833609727,0.5888972216667946,1.9601394390568072
-2.55564438390914,1.1415126796754818,-0.5772095259729967,-0.018858898626673653,-2.074399560625525
3.4754468830174927,1.7980218470188774,0.031653311448499345,-0.39324939786056845,-0.9852341586564376
-4.767788776716187,0.07896458395672737,0.7102221594168094,-2.467879609531106,0.42018351032698964
-3.8131910645945766,0.8904972056834872,-0.28738025465314637,-0.08236339792950524,0.5594950428564254
5.107700501752897,4.2595802830929195,0.47355795036297804,0.5633252250464562,-0.9423716722844893
0.3106571420635828,-2.7881356157281183,-1.4712328428785182,0.7122610340949117,0.30878776000023134
-2.4948559156772276,0.7680160454158943,-0.6905092891574871,-1.0831267204657267,-0.6456279379877128
-1.409994327739521,-0.6023954659018446,1.1409904388573535,-0.18933942237300203,-0.12914495852794078
0.18761680577948184,-1.1782510053955133,1.8208829352442664,-0.08500310833504787,-0.8043302238815104
0.1375817699820292,0.09440654968144309,0.13003728312608892,-0.3567707934274946,-0.21256163371620754
0.30400318244543073,-1.2687516181911842,-0.7672624148998802,0.24971160917133559,0.7961250818345452
0.5372541219974921,-1.314185838436835,-1.3435202057018678,-1.0704541177164426,0.2341368300873064
2.3162744476808217,1.198794602104303,0.17383927395986862,0.3482168959734621,0.033306209592685064
-1.8180482276537262,0.8010024234786919,0.8948730044809917,0.42320732005155154,3.4270643802457195
2.8835824675579036,2.2176072912427225,-0.48174497406837385,-0.0005736764307695591,-0.609663547638201
0.9180298134712825,-3.0591357098169536,-1.20115484832427,1.0600154549469687,-0.0015326924693370783
-0.5231683905345621,1.1411164958648303,-0.25141442249005236,-0.2383384761848734,0.4202882468049404
0.3943985773221936,-2.2993415384313085,-0.8840888710083755,-0.6452251355768616,-0.7240038522299812
1.1760639701347275,-1.7787608418352863,-0.8200052646127577,0.9660496069069202,0.7988054225046844
-0.4535561024825661,0.5451492184988997,2.56994648470175,-1.804580951523351,-1.0014806123633004
2.3383178663993878,2.0242740583536616,-0.6581016362548121,0.460594873814913,-1.148819149736649
-3.4144332310375707,1.7572875244558952,-1.527324761144444,0.5707938405440985,-0.4676572830924944
0.3012362845096593,-2.967740691893496,2.6114580650696873,2.2831532434513306,-0.004077666337089814
-1.0735538637984967,-0.7630546827504294,2.0023877633420866,-1.0876467085890085,1.3940767693821823
4.1421016112085765,2.7336485138725255,1.04468282545997,0.2856495587997467,0.6028456131127763
-3.0677395475762554,2.4624357687256784,1.201541579709693,-0.27911932881869345,3.2460357400209143
-3.4490274209500242,0.7317803171878389,-0.7199430024436329,0.06538514022255565,-0.02445476565124174
1.0803494929534678,-3.2559700238733615,2.0815649507347067,3.370284826537446,-0.6539524297991106
1.7521044467715958,0.1476431706491006,-0.8099875294437123,0.18932936263075908,0.8067356014284883
0.33046702951342216,-1.9274160715646393,2.6147563397143525,1.6839162888251058,-0.5959619316572409
-2.674682336156333,1.799004744086859,-0.9707922707314076,0.36353073722044327,1.5654463118349218
1.0051110074936311,-1.0503061998387941,-1.112808089997532,-0.09124121387950422,0.39934210241530377
0.6332691222179531,-0.8351503612587952,-0.3152665341326309,-0.3921298745679358,-0.27379524704815905
-2.2019750456777847,1.471386019217456,-0.5677035483620256,0.4846438786770077,-2.397899874456671
1.5563165372941172,-0.02757783605300717,-0.4228009895614002,-0.32189310624325773,-0.23067678841463893
-1.9598206763324175,1.2407059352555814,-0.7303486427325728,-0.45462200320690993,-1.7766571810792104
-3.2838834978677967,1.1281362652361517,-1.3210437803522552,0.39288526749389807,-1.0064917959030157
1.0799348630629388,-3.2235817198957264,-3.290455859018653,-2.6529465549475373,0.7182817637975346
-1.070744529862498,0.1155585480766868,-0.0035453210523324116,-0.13928664506115643,0.3383913863528168
1.562810372180628,1.4862708055630198,0.5938700490991753,0.3872638261495883,1.39024246667771
0.1748313201375965,-1.1810079035981649,0.9180599130563515,1.5525590944206165,-0.3326635951029828
4.284012614044291,3.980316461889191,-0.6756830966827322,-0.14461037961573017,0.6425500666593634
1.4479220153020596,-5.074159151601358,-3.226489171002166,-0.989552165287864,1.9343883251960512
0.5888143088925147,-2.222278556066859,1.7621219269830137,0.03730425916045507,-1.9618397210375624
0.7639127618916168,-1.4446435544858367,0.4534291965178537,2.016956426663974,0.3866295120406543
-0.11987054615276987,-1.7718961753022255,2.5003542829706653,-0.38800433247724575,-2.024269770489003
1.4340630777984924,-2.0808387459160644,6.68333697802448,-2.43587280865976,0.16717996643551197
-2.1285092585778482,1.075148880870642,-0.434759101489847,-0.4992700021913628,-0.7028033590361032
0.7742989348213971,0.7704691443513656,-1.1040285223944235,-0.9802809131390119,-0.7068889407572172
-2.856077357903226,0.9248155133153168,-0.879094947247071,0.7518776163541087,0.20787369676595946
1.9611325914640865,0.5016640094353878,0.3601613537101558,0.07313552641682804,-0.14409046212156776
-2.2381352001429753,0.6049318061802323,0.4613751937990149,-0.2751173207395875,3.1534298346546694
-1.8387260762354598,0.7926981533345171,-0.5347797280057275,0.10200959085251102,-1.499889796739543
0.39238077606912236,-2.7830297382553484,2.296314161844442,0.9042893263743972,-1.7061764074277415
-0.4495708466679624,-0.5145314896593086,1.6989394938637197,-0.2741027991869355,1.1367516560915056
0.597060444320231,-1.2644725816145441,5.389799434565866,-3.8992086335662837,-0.9536516808464303
-1.8601405617746993,0.5934368336469058,-0.1835886898259665,-0.4346530977428486,-0.3667146285319024
-2.18628775951578,0.7579699033283694,-0.6796633641260609,0.5700913063615729,0.4783132713737593
-1.2571511717789958,1.190776045322491,-0.9222945814801258,0.1578156641018358,-2.1465609266779433
0.14129321188215524,-1.5115631294577143,1.9401420619344807,0.9986554025373995,-0.9076228726298805
3.263730910252344,2.146903077111166,0.6118930301782035,0.26469864874292415,0.17984679070930656
2.595511835442117,-4.443100759455185,-4.406103571281318,-3.270121153376986,1.2324981450395132
-2.047548949388075,0.6724483143760565,-0.5126461686579715,0.4400066587293674,0.5239195944106769
-1.3160507891835809,0.9922855022823541,-1.42817782277209,-0.9087266423060116,-0.7089091599918655
0.4131558784340377,-1.5595944447266756,0.4472932353374346,1.5678652040744676,0.819729878161695
2.0075279329922697,1.7192249658525358,0.22523024423610186,0.1918477476549536,-0.329490096201553
2.0044602453303257,-0.49099383850606876,-0.8410508149988721,-0.8854982120688352,-0.6651166483131863
-1.7223713536364476,0.899623897139976,-0.06756716019160795,-0.2546058062675577,-0.9525118294737348
-2.695083990151353,0.7556504363993737,-0.0940858301721952,-0.20161072144939016,-0.37674133019799283
-2.4939906882052507,0.39378698267246115,2.6911321479376498,-1.4410255799066587,2.2752547163578627
-1.2750456677815756,-0.19419759375095583,1.795846871113203,-1.2760944995088277,0.10424658703847964
3.414751797984586,2.325446336106463,0.07553101408229303,0.10937044727490619,-0.5284104641903692
0.8374809504438675,-3.0484896627100118,-0.6168228484943622,1.7173557319073234,-0.6076231693163594
-2.558436328944315,1.1610111758331356,-0.03838821443725997,0.3320205731818305,-2.570816845204831
0.4028416421801602,-0.7008414676479052,0.9954658179597972,0.6205189857307923,0.6888914464418441
-1.5724960728580555,3.8823995259789736,-1.6503227891805736,2.260455352967769,-1.6183932072533889
2.5710193920352293,0.7106943318548006,0.5302882593792314,0.30298345485681216,0.42292487964800207
1.293889163027559,-1.2145737639256493,-1.3838407294141943,-1.4775413197849459,-0.32671565985864487
1.1666471621407666,-2.8730094064777942,-0.18582639007975416,2.155884154398131,-0.16201537629691395
-3.388736519022526,0.24424805732920862,-1.2633957234364905,-1.4747901908176402,1.6105522129162737
0.7855578267011518,-1.2386826741286512,0.8502669008094945,2.0064602435405354,0.3174648126797139
2.9984909623585656,1.593646982243111,0.5025904945412917,0.4115510396778813,0.43071169454763025
0.6864543731645449,-3.191259134849528,-3.445705649946884,-2.5896076610579555,1.1848113431582807
0.5484431214602465,-1.1920265726724946,0.03500472180893979,1.1623463645197527,0.5040608553029929
0.6003838295683722,-0.6899124048973435,0.696846706723459,0.3926050650174539,-0.474745044858643
0.7165738582356715,-1.3978692084020559,0.40082372663092264,1.8128846222298722,0.48890450324151286
-1.7616097272667077,1.18090929727436,-0.1479791524731865,-0.14854378450821615,-0.07182252428083821
-3.4496860431224987,0.706799009170722,-0.44431629160116504,0.765520620388632,1.3121431068472453
-2.480247011088988,1.0713415337472851,-0.6963574062121676,0.43586514217773986,1.2380462901655571
0.6062752436295685,-0.8086033050841174,4.525735585107135,-2.1142137063158466,0.03710705668481161
0.5372365824910897,-0.9484832131525468,-0.3538132902533576,0.22447108320326734,-0.4442510289986772
-1.98652429918275,0.7063138601105896,0.3453668618438011,-0.1936476944468793,0.7785466728161737
1.7219022506890276,-1.1114732607154083,-1.763330676008351,-0.8704434412486148,1.2242833549528855
-2.4526220676012804,1.4149595600322684,-0.08966678313279891,0.6043034424111337,-1.3159296456988359
2.5516111069223104,0.8454037213059793,0.1746173203745515,0.2942605577815161,0.2130485905105165
-1.761066940059484,1.755014878874619,-1.2062997457785234,0.6690436044495262,-2.632652463910078
0.5471399807442662,-1.0449217096935208,-0.7165185002684915,-0.28327618856957393,0.4429884287031304
1.9544478654321662,1.1649273695771731,-0.09185770112868635,-0.21554089491590603,-0.9394755032282422
1.63164281446112,1.2516398924829242,0.17248133010987907,0.07719734527614032,-0.08046808324505858
1.0423690990016818,-0.6923703157832635,-0.9982492240155062,-0.6273303588970511,0.23623024060889536
0.02023627456529699,-0.7418295229276175,0.5481790654350257,1.1931717139175921,0.12552374519547171
0.37778916630252535,-1.0741093497857435,-0.5228404495211421,0.4826674819672894,0.3710788977989939
0.8962298515823779,-0.7416101159131185,-0.4722208428961538,-0.48266912341675194,-0.983943786745254
-0.1263276229653236,-0.7730460463442443,0.8903595157664584,-0.07159127723203138,-1.066956650563691
7.376291218391911,6.667869218708611,-1.5663459789582483,-1.131382341726471,1.5183266080626532
1.8813797646931059,-0.7001526923238846,1.0162906422113385,-1.7250455787662142,-1.3566096522712991
-2.228538142123478,1.9281685726304187,-1.066165820413351,1.3405625538696684,-1.335016003412394
4.080280873172766,3.3313263606806442,-0.4829084893824594,-0.1213351207166448,0.2970822954296063
-2.018299893623948,0.8095316585017357,-0.37967071410402303,1.1855750146932422,1.5031440649681966
-1.6817062593939773,0.5948445766062268,0.7394574608890853,-0.4790390788497121,0.9449300953094296
-1.2758793617654385,-1.587939130621682,-0.2049542135363215,0.8600352561281446,-0.7667020016154915
2.4278716022366056,1.0873915957333629,0.40013029297417363,-1.626833292096749,0.35011747951921757
0.39936188826934627,-1.275807778500197,-0.7473253631251491,-0.11718870247785933,0.3345349552147837
0.4357134820185981,-2.668353638775034,-3.5498501034437946,-2.7813276724896725,-0.18709720375024538
0.6297501572335668,-0.8215005663522899,-0.10397619021636113,-0.10907840946431797,-1.0688248073374078
0.3829718409210361,-1.9606197143728334,0.45827951302050823,0.6828522546703005,-0.39482207344393905
0.3993249773049143,-1.6786663286577863,-0.869418903946237,0.4988187149830012,0.5496000150071808
0.78980774549328,-0.9379612761359566,-0.4937863832293158,0.5309725112070796,0.7571741619022252
-3.4154955640773985,0.7238216380419681,-0.9402955760906508,0.21285274504570953,-0.5703717099123268
1.5006551717565921,-3.5260577197220724,-1.044560437108911,-0.5649089522684517,-1.7210229920393376
-0.06713260105957695,-1.2224749099135819,0.35128650798432104,1.2099456735314063,1.1056706466132373
1.382020152233203,-4.268322263806579,-4.275825552506967,-2.474061699371479,0.8558105260031628
-2.6961466316412053,1.6821509435005082,-1.0520659180535281,0.3751133746383991,-0.8968687479145447
0.629951635396397,-2.2543765549926675,2.605312320589538,2.1279886107628667,-1.2936881552424593
1.3778988894173283,1.1834190792419754,-0.3494431090697032,0.165963298076602,-0.1498140128965176
1.933805869971598,0.4820322846568258,0.7210506248742489,-0.8472789485405683,-0.9550470381124774
-0.1256370174322657,0.04781321915000729,0.3265607972989709,-0.8063635310461532,-1.6881531812156738
-2.2102895963062097,3.7347022329127455,-1.335262893816024,1.0147740183754306,-0.9819121815213983
0.7504778692425568,-1.9822885041281564,-1.453415654874016,-0.7111232855344851,0.343242111560966
2.7527000135003203,-1.1052469824674425,-0.6723699709678372,-0.8401759968946414,-0.6592817118986528
2.191709906515561,2.0275015571010497,-0.3145285866949314,1.1630470270193778,-0.5331910580458002
-2.8195748006595007,1.4331130753421732,0.9254893877821069,-0.5252719936654451,1.9711920532311205
-1.8911490473901653,-0.02198808484606243,0.911770315137943,-0.10277619183141436,1.230674279523557
-0.339703935164457,4.770571382124929,-2.426236265351163,1.3108512818529672,-2.5875540705815983
1.0207351985543889,-1.4186248840685707,-1.9953215220867375,-1.5065654926650527,-0.24507366352075244
-2.5459024937822194,1.8791129920875203,0.37987643505587715,1.1136812061198587,3.3764203039499976
-3.2622193642302917,1.6453256925038726,0.38395006058354375,-0.34114210480063817,1.034278983344679
0.4573494153021569,-1.1631418309628556,-0.4513495513434276,0.6649224992192599,0.9110333086355324
-0.12463343744282164,-2.2105598275334426,1.9135384658356005,0.04346740252273888,-1.229107426478149
5.114190927349308,4.547090624367011,-0.13438846079235936,-0.04719789886779637,0.6605695850967266
1.9867020970725762,1.5163349557679007,0.038221040806188065,-0.23026003367378473,-0.6759709211224196
-0.057526598570280814,-1.555702666405468,1.9258785330510075,1.747180730567389,-0.8357978942182834
-0.2916996019812312,-0.931271497607128,1.7509984248987762,-0.09889181030417799,0.8480545253509489
1.1990671879265675,-4.789391522386615,-2.3633216857478505,0.4180523122236404,-0.5741347122295092
-2.1566257794301387,2.047984441232663,-0.9213370552447632,0.21047095547177058,-1.725276433317073
-2.9836418605003483,0.9488581535343833,-0.24653708742707242,1.0504778512945656,0.011078364978653693
0.8236533533971557,-0.8443413572741377,-0.9350654885247917,-0.2715208277480945,0.009249550716657697
0.6306852588578219,-1.591051719169267,-1.0267038485101598,-0.5280748224553068,0.10975602982733233
-4.682227402604618,3.863795281683482,-0.4424737071421846,1.1217225132334538,3.7400358278098054
-0.4136600490532721,-1.4135650243036235,1.0739565641770812,0.3829676047012855,-1.0022105997595612
5.7591937595281255,4.660465965268251,-0.7692758107798703,2.3707416727055066,1.250418865283624
0.2618596912811224,-1.5033145140223887,0.29103256044321957,0.49632654201620025,-0.759250814434181
-2.825236425475558,1.0617209510153804,-0.7524200397548276,-1.9666656647840026,-0.48502663765873844
-0.4277476922124625,1.0980500351529359,-0.8566044508146891,-0.3778207491625105,-0.6693281031750143
-0.2743885590843252,-0.33867045360251047,2.227947568368352,-3.0908936248081553,-0.9116797141330769
-0.7952589080828293,0.6441902296841788,-0.48164533605067,-0.2039398595876758,-1.279844450303189
0.18071773066577748,0.5647190659183946,0.31306932074576954,-0.11137612787891549,0.36728850318441486
-1.2443153419018802,0.6363603293219026,-0.49887051964171114,-0.03793233386698042,-1.1926744011461325
2.439406993552342,3.183840402672895,-0.5264261077218209,0.9496853902448319,-0.1988342630847661
1.2267616576416636,-1.6543076363967442,-0.6664939635151996,-0.4455521931386919,-1.06282239782153
-1.6293612767475583,0.6288443746604474,-0.751887837069435,0.8102255583623871,0.13919271966371766
-2.1951301090250355,0.5214231954020498,0.10604412129083488,-0.08107181440548133,-0.11450310829239947
-1.6781147967479522,0.6158499941888061,0.034123908450818245,-0.6376680495927239,0.3059310656564322
0.7757030755478429,-2.574193207194314,-1.525772854908394,0.06012767462836173,-0.07275428577613272
0.941842364884985,-1.4004161647100128,-1.134543995521966,-0.1220358149691079,0.7207398215468936
-0.4134179609697826,0.8096319977851382,-0.017526966157085967,-0.1762281063701719,1.5068083460954507
-1.4560431004010808,0.1864332955415514,0.04718135913235909,-0.5580295785649421,1.374984178521974
0.4929458983317376,-2.451738851386455,-0.7182737425769503,0.48140155086207703,0.8710171839240322
-2.8339374382900773,1.006289996368823,-1.0651653031929054,0.3785601821409397,-0.6889639137552843
2.143028644153448,1.9068133265879768,-0.13722594562802862,0.3082559340916881,0.05836556317182476
-0.09481969252330302,-0.4396707753340187,1.7342697892956425,-1.6091113122909315,-1.1135368330486195
1.408392245432579,-0.8443560102952369,-0.34239834588512746,-0.08627230595156525,-0.8049282018719525
0.6047670781502115,-2.224008396015838,-0.6703142612628207,0.8198698140287907,-0.015123705409215297
-1.7670054200364853,0.8639259099466201,-0.8301668626779571,0.1804683798581975,-0.0016923561931683083
2.847635788900242,1.8792765561508984,-0.040151202296380056,0.12586734237215308,0.55946746516436
0.5605403495224763,-1.2992711917710102,-0.9402892089890178,-0.03834816746927026,1.0864810502088424
0.30733228336327734,-1.7270187393961909,-0.05555519563885396,0.11472587728103287,-1.4070437667506204
-2.930119601706228,0.8897017395425412,-0.7561312326436381,1.1244885041955637,-2.3824666023042123
2.6612981202454846,-3.0297682613023995,-0.9737237905561392,-3.585269748406239,-0.543215491240471
1.0506591978147817,-0.426925682448218,-2.522438557602721,-1.7590613715171992,0.12039876655304399
2.9873171409625168,3.276229463200092,0.09699552005488529,1.5734493186672538,1.309631907448134
-1.1291468258978892,-0.7204760462872967,-2.978251990123618,-1.7946263865804122,0.5058109504054308
1.0605581721303383,-2.413582050991121,-1.746584376296482,-0.9044553669138102,1.0745216669888609
3.1949235334686805,1.7839666034005743,0.3344029571819864,0.25984450041039636,0.5568264888542442
0.5721110897887187,-1.9274060669317121,-0.41561110948478774,0.9972815437292925,-0.9949804118330202
-1.2868024590595566,-0.15474041938390107,2.2504764448191215,-1.4703817677086994,0.1924232515406552
2.4365276601608272,1.4082834675327258,0.05919012107208482,0.5165447760654236,0.06306275197470135
-0.9302579946105421,0.9721643189738163,-0.250063656608139,-0.09803640641565718,1.5271475082291537
3.955334410545952,3.3231187367952804,0.5028636468353113,0.32816902297462186,0.5333898365108101
-2.5447726615574107,0.3971709651048414,2.23242848992657,-1.8390190274977587,0.19817956378893237
0.3295266693189171,-0.8811091519492072,0.24770251378604896,1.2897248769056846,0.9402913273582277
-2.04153682175654,0.9470851009672184,-0.29562024161006245,-0.18185956791211932,0.33360453015904334
2.429284661277864,1.7548605121085343,-0.051246007560832633,-0.056846891214711225,-1.4203200255226522
0.25175049815837275,-0.38177742106497353,0.6414455172097071,0.734701231433145,-0.10431348481430178
-1.4991416922730108,0.4667775663744541,-0.3009754594102368,-0.24705298260278583,1.1809965454236206
2.1091962822107373,1.5004224087999372,-0.30133280597599377,0.2519790007442161,-0.7553258889096709
4.431199075521194,2.879950165954843,0.3384445236065537,0.6397700450050287,0.8265821276412872
0.5498707534162541,-1.0661577767634396,-1.424387359966731,-1.1768169905798849,-0.17152316778477097
-2.107533174790676,0.6697641981742861,0.8192149607373137,0.02816282160062793,1.9595652593124016
-0.7537429169203279,0.18378230972549592,-0.34721908180029704,-0.3652270526572279,-1.3598250814928659
3.5055242362350603,4.4513922469937315,-0.1878236460379531,1.5397628650227881,-0.32757978492807754
-0.3544830920236465,0.18553433777642417,-0.3567444272122795,-0.09614962611107188,-1.4820908845451397
2.197507496319734,1.283832420423397,-0.3449677260234254,-0.20947010749162112,0.6509984675836548
0.2884926739729949,-1.3344938022811703,-0.22099825744578078,-0.22788782309865502,0.10117910558507345
2.615337489087776,1.1486680780355787,-0.7754968403367662,-0.2702939489872908,0.026217100930668622
-2.8942574377534833,0.7033187748590377,-0.3777340534787636,-0.9063883018280907,-0.6351557479171694
-2.7138838920015123,1.083800708213472,-0.24514765521686807,-0.42017007604231754,-0.5708729816133642
-2.4153653121910956,0.8125640824670887,-0.09132249441799682,0.6801936000625324,1.606787563226093
0.6817954810862461,-2.1764358621224664,2.1776335303411747,1.4754378267144073,-0.5379247060592582
-2.2643789371340652,0.9264723218748757,-0.2640551803569857,-0.01215929332079718,-0.5715971420876367
1.0139121997991067,-2.51893700931586,-1.7159047526124818,-1.1855423498386786,0.1864952599969552
-1.8155988515278068,1.0131358942048705,-0.607911852592468,0.47758261383964173,0.5375636327352196
2.4409642329313845,1.3922016853869752,-0.25293594531656177,0.5195476445963337,-0.041229914259125415
-2.1593154711919733,1.1415663912314777,-0.18180600209869124,1.787642823999239,-0.6074835031017722
1.4477824176901768,-1.0876539370966853,-0.9999504064362661,-0.8284356021162342,-0.9190880133426811
1.9190080986499527,1.2760135789265226,0.27050944338611255,0.5238714250592555,1.2112550626411538
-2.63847807602497,0.5541088737843753,-0.19282671390952388,0.7580862326872252,2.4028828401954616
-2.06416850213703,0.6070096549415919,0.10970635461634103,-0.19508691277651452,0.4351146904361932
-0.552787806128691,-0.19337656777503473,2.155683803612022,-0.2278770185025767,1.8817485583410132
2.0300390606358962,-2.3273427721527433,-2.670579421282251,-2.3695394536189704,0.3269426124511701
-2.5083962310617727,0.880912713746006,-0.9201266640573802,0.3413459354258944,0.19704149447470432
-1.9962229157849845,1.2557637560371226,-0.15454540473323963,0.24253402081080508,-1.1019314708457415
0.14478623733812054,-1.607895063720621,-1.2666037969036723,0.5072723351252142,0.45247378099635976
2.2691486255993194,1.2856163425954406,-0.23454450301776816,-0.272068152945323,-0.944181091653856
3.736394678867561,2.4481402879788536,0.001688446221268253,0.720965763729823,-0.34652883038106025
-0.3949033811892253,-0.11752326398763044,4.7258968923618125,-2.5678903887252,0.1588637969801483
2.372321529048505,0.0980133638856843,-1.101085344948032,-1.0965378765741347,-0.11887541715475151
0.8165065318757562,-0.5426597388041227,-0.9190744457230009,-0.49996748142851727,-0.08327428812833672
0.6414721250128194,-2.706318816379826,-0.3094896254897853,1.5305247674798435,0.5179707670883908
1.3681804697139035,-1.2502385947683414,-0.5554937045517242,-0.160618996530479,-0.7911262571629993
-0.874418135796062,-0.01734375167636729,-1.2490132736891921,-0.2604890993195675,-0.41318492869190904
4.495208355021081,2.7872577641232645,1.0482932151693887,0.19408146956682706,1.131688332477092
-1.6278720119907921,0.4288362117619771,-0.1314408071435118,-0.7962726875539446,-0.5381832702180085
0.18963783844682885,-0.19479582194343562,4.021197196470485,-2.5127602831682485,-0.0944898371003643
0.5405999327517679,-0.8560703598566582,-0.20999594349672063,0.03166736262785726,-0.35007735232792914
4.478024663066279,3.0416826713337994,0.7319778808908485,0.3098780642046154,1.029155334421812
0.7747052414603233,-0.779479896442418,-0.7611773443514868,-1.1329522133680692,-0.6360533200144144
-0.10729383922169175,-2.8851132688471193,2.0905185654465135,1.275488061185347,-2.504902950229882
4.345032719539338,2.920189848188462,0.4481891749704869,-1.2180868356323742,0.336650076515954
-1.7416916086849619,0.2540159404443968,-0.4786055351906985,0.379498102143013,1.308317338053343
0.7269135146329566,-1.3994524719988481,-0.9078165376444468,-1.2090388419373896,-1.0565389056388295
-3.6995738979567796,1.4516909239665778,-0.24819122087727585,0.9415814447887944,-0.4896033026394601
-1.9078814106255255,0.8630008932322016,-0.41492508784336224,-1.1185529863119401,-0.04074003994564296
1.545590885686239,-1.9869720789653842,-1.7821307755175073,-1.5271885372646168,0.29180783871920113
1.3216254865481374,0.3952012788863802,-1.5380131603927107,-0.42879608717916445,2.475760544117961
1.1033646339689795,-0.5086502055064676,-0.8266898249212371,-0.7109372072222621,-1.2188463395975875
-2.5894628558140806,1.2713754898078558,-0.6859773959322685,-0.32742521506558975,-1.9247636537660302
-0.23512095048333195,-1.430208572255664,0.8932469713675067,0.5601606911278296,-0.5173968126775994
-0.44634743608833743,0.3052757345431656,1.4703930217629582,-0.2060769267886962,0.7890988931091878
-2.7873595352833407,1.2916847579616861,-0.5815923959291156,0.0010836614059720846,-1.860969353293887
-0.05341101806641835,0.2081349864535334,-0.2878879977405161,-0.9707135695662308,-1.2337644173252764
0.6736777801028192,-2.9642013073460247,-1.6774440898423784,-0.5301246863931737,0.2537405807355771
3.6450061917461185,2.545475919130229,0.37545798724573265,0.04100154084518791,0.33298244747884104
2.442095394359664,-0.11830879066226505,-0.3281771227704267,-0.6355443261410711,-1.078921408823707
0.6165481858413883,-1.1643201870547357,-0.9410198149978892,-0.7167435029732976,0.14225147787115763
1.511904723061134,-2.5811391796875447,-1.0066090124873812,1.0025665098929752,0.8706136767450047
-2.645457271243527,-0.8560929486316844,0.9743004836402385,-1.7121669367901302,-0.1545155648805734
-1.2175940119843347,0.9430020866372677,-0.38934728377387195,0.022710613885339112,-0.8431276511720727
-2.432626694417828,0.8674980132355916,-0.9238289825224116,-0.641949624079713,-1.0373344104757585
3.2501252385888937,3.5646227233135988,-0.14325471197272419,0.928358336942466,0.051092850717026614
-2.684291564296096,1.3429478349021489,-0.15693898636448944,0.5033347662613841,-1.0483606235998058
0.585873580824649,-2.003594189024879,-1.0178222991754526,0.05272620278838848,0.7051474040766416
3.137601104672261,4.6756456450112145,0.47264527240799253,0.37452365078297595,-1.6949937474399828
-2.8034381589323134,2.4276942537061914,-0.9293828078349583,0.7361526186673226,-1.7271722468150357
2.6940285493251634,1.4208084018225338,0.12180761632921536,0.7663001996737611,0.2782386323402028
-2.282240909624921,0.6642295136294553,0.04655132192809836,-0.19044976111932158,0.4300000341122041
-3.010695000729676,0.3291761528619179,-0.6558772550284747,-0.2071585667100514,0.9141563571700151
2.9391848885052383,1.216049000933884,0.12682295872342492,0.07165090680085434,0.701215458138919
-0.8952172323099216,0.6184120972021551,0.030733519753099122,-0.03643209424310696,-0.44246087800059924
-2.506068237900284,1.2340846499746998,-0.8183415786939364,-0.1681489098379972,-1.4861764354250175
-0.8370456252538474,-0.675209456961708,-0.7163695892669711,-0.08545368578561169,0.07222735696876095
1.7362810684294405,0.26005213174858327,-0.7462169197343524,-1.355932321777136,0.14375777995028027
0.34739625007808794,-1.741340639047738,1.4101170743583473,1.9735859196799534,0.09743832589436457
0.07022816578649894,-1.4907457553807275,0.4765850107660618,1.3972216095727008,0.6924563936565356
0.0601297193847213,-0.14017138011103583,0.8491527160458784,-0.7536380353583855,0.013987342379918714
-2.8153271599763894,1.7465099496722234,0.16222657895378403,-2.7316073807112082,-0.7074051615276576
0.06252139597399625,-2.747586363222902,0.5724589123367013,1.93050996139095,-0.09653200744909764
1.053478729344529,-0.23817048600771856,0.07236121235756385,-3.041183527650103,0.3068735058794207
0.7436985615342425,-1.1396713707657562,-0.6013396005885654,0.6139100722241012,0.08139790557955877
3.85481573025891,3.9282673811940465,0.32127970301866465,0.6049769226395312,-0.08384277341938857
0.8161992024042855,-2.402206863792148,-1.854427423800521,-0.7860300145657794,-0.43951381061620515
0.5217497057677074,-2.5487241106784646,0.573983721157403,0.9290313463110661,0.027058856611103452
-2.0926192625284807,1.2512144075510063,-0.5329027669905179,-0.08308428886036741,-1.5663178164763054
0.3924963651405712,-1.1539998048419406,0.7345821965751103,0.17168719251889808,-1.2111525446947229
2.1274481608373184,2.027989290203038,-0.13948143216728628,-0.061189857398795865,-1.0124991123010088
0.5338339980512836,-1.5995454251464458,-0.5674764037241204,0.99159833267003,0.2628845069636775
0.6511331062551585,-1.4983565994982422,-0.08236443276432079,-0.03912715212045324,-1.3186107407462775
0.5646007753307183,-3.89195545509088,-3.334564694388164,-2.0134654565890133,2.337957824773457
3.3093655386295144,1.7586818208111108,0.9074578206508608,-1.0955753590884902,-0.5689072715801845
1.0863361503941003,-3.1602270128250423,3.0908329044839244,3.0322583558682648,-1.2928309925296406
-1.5323514857781377,0.11854425675513983,0.3685917185391373,-0.5748716026761749,1.3167216736941072
-2.7156695382983593,1.6017814573555733,-0.5916386119794401,-0.1453155477293237,-1.934800611991029
2.0406498647020035,0.8399015580047376,0.4091177368806698,-0.4302845586705501,-0.9019259779252702
0.5695137755565818,-2.19103692518205,0.6744403769905472,2.5078550605213437,-0.656429376325523
-2.7528691328951895,1.16572318929551,-0.5076138731299676,0.06593325747936224,-0.5614840715844023
1.979486978946324,-0.019804859572987013,-0.7305790428192762,-0.5616857067474721,-0.4122060175648756
-2.087460259951977,0.6490438179655684,0.0634306105420118,-0.10265184487860829,0.2247987331535094
-3.296074692197153,1.0310177088456396,0.22420001225061825,1.10573599081662,-2.703323220947752
-0.1135971363505013,-0.9296027514961195,0.7040988056323678,0.1948195016859972,0.12505863115974314
-1.3094730295627652,0.38480478060332846,-0.6076548889405863,-0.6170559429905825,-0.4263077147917644
0.012683069647902997,-0.0023294753755257196,1.797370209652527,-1.2496103785315014,-0.7399352024475994
-2.9265966769988077,1.9473183342177183,-0.20684071235732193,-0.11844252632620822,0.6328692555144019
-0.8708047808699999,0.3749147006941478,2.596271600144797,-1.8320324092489735,0.3252821378594672
-0.9650917729693052,0.10983002105177267,0.5713518230715808,-0.6007721832976356,0.08615851607414705
-3.042157164226395,0.5790515454404133,-0.16280240980470953,-0.6485290793205767,0.3827767957079962
-2.1001466123322023,0.7415880265384469,0.75180193238121,0.17903047866352345,2.107599686589453
0.4747571710910479,0.38391510177239196,-0.641435500727531,-1.1093191836377803,-0.04541865184365168
-3.299791597936501,-1.4218966674447817,-1.41226989635144,0.1712151381839943,2.4685860960726758
1.2319359423787088,-1.6154945553834361,-2.078590142991274,-1.2480143143767166,-0.40882006700198636
-1.9574210323056043,2.021689254378965,-0.7938682809457952,1.6085262820846373,0.9898474639205515
0.7676091213632591,-1.9766914844504089,-1.4635092199360566,0.010224584813405428,0.6839391617518897
-1.8489847234122099,0.868102738068184,0.6204794982752795,-0.06655926772483214,2.8275400633224734
1.161737797022697,2.1321681055388857,-1.7509112636623902,-1.14589343716637,-1.2823794561895514
-2.6579854737227877,1.406220494141553,-0.5868176636223764,1.3674835498005742,-0.67579381538843
-2.509764156541752,0.7966051654424281,-0.4950289708262163,0.36037931512616583,1.0346627096386625
-3.443260094881421,0.6977098901197227,-0.39909808279635833,0.3037047727427556,2.0025728710930673
-0.5750511317006209,-0.8137925116187411,1.100705286420515,0.662941629414041,0.5531985372079643
-0.17082944811396436,-0.4589912188394085,0.9876975998510337,0.34618457872931363,0.6315100260726797
0.5113229625085917,-2.103695059498032,0.05430473121064302,1.7387229969405584,0.28354258702984353
0.7320583856865407,-1.7206418791080955,-1.5675338436425559,-1.1322237874827223,0.16075545469252264
-3.1363696728469934,0.4134480705194303,0.15577415719347215,-0.7610316321110255,2.015695508015952
0.5200763436551956,-1.3060348593923135,-0.30104711446216925,0.7996167621205567,0.29546407924076046
-0.32633514621521975,-0.01467091644991355,0.7531181632935915,0.15943090631762077,0.049519200776320056
2.1045836475684796,1.9395912440117755,-0.0062203600496199335,-0.4613512520305354,-1.802634339713626
1.6462671704763114,1.1127950005524196,-0.23318009334023274,0.09497727155045495,-0.5383744727860569
1.2283056796270315,-2.09577672533926,1.2000261470374223,2.863629602632321,-0.1464531670284341
1.116325272481968,-2.6188891272658306,-1.003176775150492,0.8270744702652757,1.600030075752811
0.525376081261107,-0.5714629508104088,-0.756436324636007,-1.3524718780807208,0.967048585835599
0.8705197114725801,-1.2992471744100649,-0.8676193514931159,-0.4283640393890073,0.6247095504605659
0.776932376426033,-2.313405461609181,-1.2107912048123768,0.4170413724171766,0.3330777370842751
-2.810533915319722,1.3293931241380619,-1.4475982433474461,0.983040607039607,0.9132516753005436
-2.9251820770970234,1.767215757680396,-0.6646496316587032,0.18527541854949664,-0.9034064408905369
1.6963409046099778,0.6715083349555305,0.22306267273513747,-0.4352972743994107,-0.9211620789155969
-0.7374790710493089,-1.8363002479828028,4.214565249972477,-1.6894226097053562,-1.5253688581170508
1.6850335138354635,-2.9844094351348223,-4.4314338434156255,-2.3323593762186254,0.1827655999985111
1.594911239662515,0.6033716515652794,-0.8255812957211186,0.055583031832066705,0.4152864100408044
4.462885260769669,4.639879153587618,0.0417384321613409,0.8166769494084918,-0.554011271092021
-1.92726848861899,0.7825495060508701,-0.409177061375258,-0.19686310272875449,0.8921620004669993
2.9584557505472855,2.712295473671648,-0.1697541208726553,0.7784818751674846,-0.4020395604825707
-2.4606858358512547,1.4865664421334706,-0.7467887924340878,0.48192712849144254,-1.8861696090066946
0.6223639153950252,-1.9410280237245026,1.3887060342375077,1.4633441325382528,-1.1858509604736154
-3.69477296854449,1.6133440918066682,-0.8770748662411914,0.9763066251991598,0.16058940683029857
-0.44556206215244304,-0.8492991514255586,2.650069268996689,-1.6647515042839833,0.9276433547140055
-1.709909356780455,1.4227540118938296,-2.685485716642596,-1.4999535239114226,-0.6073198639539349
1.766865481108981,2.494367125148608,-0.5730293405273761,0.09820605363346531,-0.466899937935015
3.5187123493967123,2.517429864801983,0.4785451698040493,0.3209438127410811,0.10914563797865749
0.9915896572479259,-1.9881290397871645,-0.17382834614624826,-0.14944582948278085,-1.0101939609352506
-3.830949386105,0.6749404753880736,-0.4975096646513173,1.0428618375573886,2.502194050699784
-0.14649512661241337,-1.224086595112099,4.9431926245794156,-2.873484657196284,0.1575785191804657
-2.0946909483629534,3.0714214222361584,-0.6975501392759647,1.6085280232294359,-2.6088019951073056
0.024881706943258912,-0.3978923832807183,1.4439601259745198,-1.1799143772366354,0.2851231874545271
3.212424080505088,1.9773543096112072,0.3529394451656861,-0.3356130942339283,-0.19981695409151543
-2.5244056599615985,0.9223664330831474,-0.8803728102500752,0.6796720087978944,-0.27196864915369395
0.880546430679477,-1.4765862805623506,-1.2279765509469618,-0.6045148486975841,0.1937989925146525
-2.2379462985200482,1.0399244261319618,0.16690430912431756,-0.0623992564317321,0.8090563473979436
3.2609286156014403,2.964092714221439,0.2317724588013423,-0.06279730738882912,-1.2164637232005
2.3288225180799027,0.4665494916629574,0.3846715417199202,0.46635314348175344,-0.15761192794658466
-2.309937250492346,1.1490184477694017,-0.9390401957680744,0.33083332183062386,-1.0598912117752761
0.8515204717172855,-1.2143538918020187,-1.5100723304694967,-0.3133932896618536,-0.14639583146648957
-3.89175829850743,1.4884877466211508,0.08635677718430211,-0.48091988308913675,1.2938538093744756
0.1968074595959568,-1.8567553973436346,2.5149878510335135,0.004696904157583568,-1.6375792777141411
0.7051326604031638,-1.0445644723111158,-0.807870016667843,0.5374939193202215,0.04154875033930547
0.7824791255770746,-1.8829992004418363,-1.315867037517419,0.029602471600851547,0.2718219226377124
-0.020150178486620884,-1.2746869289824514,1.6448391394425859,0.7328329799029032,0.25415321791250095
-3.7378343891873116,1.1992099266430098,-0.36540868055964615,0.6916546263136253,-1.217658954575517
0.07169419622740737,-0.2445922853919381,-0.5476163435727687,-0.5278293431231427,0.1541629880485417
-1.2725822067570547,0.0023110676154313656,0.6563701941713349,0.1391886340516337,1.6390961942088595
-3.93956550917528,0.23325419491134902,-0.561630972874716,0.34503622875530615,2.6405387202591446
1.016005051007342,-2.3098479314303915,-1.4958592679728289,-0.17934705337785925,1.013188036540267
0.3376173072743967,-1.1466776606765983,0.8866917437378091,0.49305718864784,-0.7825886995694712
6.035880840727341,4.36215781461928,1.1570590748012348,0.3299202338127638,1.9779046257359891
-2.745640935687711,0.6940990855984832,-0.49433722423639204,0.39372766446141777,0.4689208495767379
-2.1583274571593685,0.8132220292374913,0.6945133642453232,0.5292499784140822,3.8843694467997922
-1.9114703916708,0.4899166695669581,-0.12979858611960624,-0.3064475244654974,1.4059918025204965
-1.7290564490156963,0.7842973164054688,0.2809546353299755,1.016028012767085,2.0402901409249283
-2.084428606762402,0.2985484945226965,0.15238519389020017,-0.03247589029722431,2.1837048858909998
-3.3910809839925555,0.8723784068346425,-0.2028593427723833,0.22193645437901613,-1.4653007455090823
-2.1821909929492054,0.4529364007805408,-0.6376490326281736,0.5531990538106748,0.3195605743575708
-1.6264812389276375,2.3008121678470705,-1.028627376412123,-0.16738632238078438,-1.7262324953463426
2.1173148351877513,0.10132192801414451,-1.413923004134066,-0.5334485851213279,0.9770604267999532
1.1002445430887258,-1.744657584035712,-0.19994514376149383,0.21560864282050926,-0.7734000365596391
-0.1302393607825704,-1.7789699746466925,1.3697457922125666,0.580034241705775,-0.6809596260114253
-2.476427740143996,1.3277468662264464,-0.4311706667383965,0.042386173036895666,-0.3195153730332932
-2.0912045251042644,1.5565198214421785,0.39990622201398207,0.5618824596903755,1.439482919950918
1.8948619703015983,1.5893654863307132,0.28719853304195836,-0.7100897972611699,-0.8959299449768435
-2.292025710211021,1.1332325719194414,-0.5883264594246166,-0.3056148961201932,-0.8465637998634264
-0.7856225782189079,-1.0026799908065165,0.7148270930405429,0.6217081783030365,-0.29370207627651423
0.11514223739587809,-1.3694374787445849,-1.1540874268491106,-0.7884636952564569,-0.2046679010671113
-0.12246312395561385,-1.201947555217983,1.0097520260823405,0.6575107278595917,-0.38065070577684135
2.4369488325288335,1.2002012023572686,0.3785258503768188,0.4134507670891294,-0.4218288302380708
0.9726424137105203,-3.0116566655613473,1.7253824424083093,2.730564114013796,-0.0353650854676564
-0.1184967998336216,-0.47661756802518307,-1.1592056507853696,-2.1936184826830427,-0.2467709129552729
0.5486257271173343,-0.6171641898869066,-0.5712058019463536,-0.04438676461031028,1.196211991412993
-2.924914443945674,1.2957354512758816,0.9313245533780993,-0.6132102144722116,1.4445356255683512
0.8644478375283715,-0.7860477699005675,-1.148439512165126,-0.5398476873313995,0.18880816987512675
1.2934573908625724,-0.13320756517583204,-0.6414792569156248,-0.7161800681572652,0.5201944252374484
2.4926172213123827,-0.18656757415691572,-0.09876697776815904,-0.8306333939273792,-0.49023517914238635
-1.374202606154835,0.2626014012775182,1.6071232759215621,0.12058901732154831,1.9942627567046247
-1.750221444815287,0.27083035827233165,-0.17313577646177133,-0.0033284770609208537,-0.12806872669807123
-3.436075839288599,1.4891317656847074,0.029089580484037876,0.5327306763897349,-1.7639972228576803
-2.566550732574815,1.4589199287624408,-0.43483443519976783,1.18705457492878,2.4465501509183656
0.7457609574120292,-1.3722397632294112,-1.4474108444447082,-0.3696761070390303,0.35977128727618723
3.0334018305965964,1.6092285612913988,0.6614237806829294,0.2621988600334726,0.22788076317747955
-1.4131075056573228,0.44950074881721014,0.5243193439679631,-0.19078851274933523,0.9521017192993834
-2.478811995010427,0.5383364747172146,-0.3806893656631501,0.6613357527051599,2.5637258025362337
-3.125480882545262,2.144761613470752,-0.962834479828207,0.9760638199424,-2.0620401734118374
0.05805531432941786,0.4584501638705057,-0.16264474878347163,-0.16778542475213606,0.20455979800964696
-0.4663943529357305,-0.38129493151724686,1.3428381897230308,-0.8843491297319294,-0.42330108481849515
1.3300582243298424,-1.9415911566251578,-1.9426505665291296,-1.1729088991323156,0.8032324671224937
-2.303404894279987,1.1531998918886928,-0.6262369472352185,-0.358815004616813,-0.18012054759017054
0.4498491619052533,0.1894071867824225,-0.2879376398172959,-0.6615204630905139,0.324952127582241
2.9897149844548303,-0.6545192499877539,-0.5939999911006988,-0.5185844800780784,-1.3750818363633917
-3.203438372038277,1.775092095248664,-1.00593161137295,0.21968935838672546,-1.7496825162171559
-3.662434581738307,1.4811143142021375,-0.7001070311278501,1.7243852694503417,1.2131174237475175
0.14946728438494009,-1.8151999800421312,-0.19433723085151108,1.0759807501636174,0.17576438884098994
1.2167544107205048,0.14752230997688734,-0.41732908966607507,-0.7663445945502296,0.042757050411551034
-2.531117585489257,1.1143525780796923,-0.3914865773725195,0.06270576912920878,-0.2365468884986276
-2.118591970045433,0.65568651271001,0.06565245166518326,-0.0132015592962366,-0.4097611468605712
0.18989985860537806,-3.75795428124398,2.9794590544952024,2.4507938266772316,-0.3449993339877859
-2.329763321478091,1.1366211211240758,0.49508787292102374,-0.12565804990020668,2.0077446005964728
-3.2344973844736415,1.308967700991452,-0.8193257488553178,-0.33159402218951284,-0.953852309266463
3.0902330095246486,2.9028629897059863,0.09830092658055599,-0.4057074819501624,-0.2831377925562468
-1.9436982376395042,1.0100121960881516,0.25575025089090764,0.3958092277251223,2.8999180654332117
-0.5157639865235396,-1.0361316092040256,1.9521258657290887,-1.5049811346374142,-0.16587898790309036
0.9260958407154125,-1.7734509850369142,-1.8149043250161732,-1.5145048119142412,0.2806708750418894
1.1662148393598173,-1.9203364305108206,-0.5413292265346586,-0.5040416731201428,-0.8624864961922358
0.6747333711969701,-2.6508209890762773,-1.8621581815240447,-0.21236445092219922,0.5359162698105602
1.2360102872362573,-3.3863475522399615,-1.7156388840803156,0.2455606641600902,-0.009074614438240121
1.6426960865185223,-1.0993007144708598,-1.5747023138075267,-1.1981030109148898,0.8306412355077306
1.3788023048569027,-1.0893264685393746,-0.6738177722616429,-0.5292810540668632,0.1514723722847162
-1.0015783059996648,-2.0131847111040417,3.695979819943475,-2.3959285925884983,0.07813979752202456
0.27127323555150584,-2.4270193679075196,-0.5056820696693682,0.98876446335012,1.1034784088586789
0.6040193623574738,-0.7965123839650773,-0.747681067248177,-0.42305946778519066,0.06281171053984563
-0.5597250994170758,-0.11380969002724056,1.439464237630241,-0.9383654366364738,0.2807223937805307
0.19764714620568308,-1.024054294503306,1.9298314374604886,-1.3671512424000618,-1.4739152087774738
2.2722599704268798,1.172419006738487,-0.6485632264593123,0.16706030174960082,0.23518649270062705
-0.1801370601405293,0.8062810754180548,-0.028073529139309085,0.34781119734163074,-1.1054085063933021
0.11579204515042457,-1.147698957909617,1.3002936110167544,0.9653284528060134,-0.35923421330248106
-0.1037149978420893,-2.415366839885348,1.529159244314559,1.1582637168704601,-0.7094291882805823
2.12662486364035,-3.631253973680764,1.0859834671282818,3.4485415303497216,-0.5624070099033728
-1.588286569874445,0.19964841984219897,0.4827016987100617,-0.33366482128768116,1.008745545681331
2.527097859318024,0.9724164114660813,0.4049848063396688,0.24830208093483155,0.6013555085976205
0.06624027694842227,-1.0310922155753157,3.9657056585134716,-2.0539664055212805,1.1220029650739247
-0.2074886943544312,-1.1767830210597954,1.9353724053013106,0.36917870025740873,0.7012701249641381
-2.1136478085313746,0.8362922553526039,0.5063598680177078,-0.6803025345057139,0.563969023167777
3.250442723377682,3.007858387116569,0.49968170268454887,0.3135479234307583,-0.39447988428839087
0.24010295554867864,-1.4373846136892725,0.2864612149697603,1.0063145845590584,-0.3280579001021654
-1.6080482503833549,1.8490112473795715,-0.5813396075226864,0.3671035538145705,-1.210057136313276
0.4723583380294767,-0.017307351493850313,0.2720726293602956,-0.2564320221810504,-0.04563656537643112
-1.4316575642613982,-0.08065486469855358,2.6965392513475965,-1.5681106980176127,0.046204606027102406
-2.2442943270463043,1.072023549670477,-0.28571918709169075,0.2823320260600808,-1.7224845666079314
2.766578698724117,1.4115754985163222,0.453534153992482,0.33383200559029463,0.9043028067742671
-2.347629418600531,0.6216674966640785,-0.6746835990974346,0.466588274344153,0.7853466379619536
0.1361940961969805,-1.8162953291751518,2.248562956293769,0.5365359232360857,-1.6078519526085084
-1.7174916225039056,0.9713292053915755,0.03385682425624879,-0.1109900362215489,0.9121476963411791
3.3628477776153747,2.459051355693526,0.25252177836857753,0.23538820633784763,-0.3475354882129127
-0.6019243682890272,0.017769140270430316,1.5552312883781187,-0.7672141888038531,-0.07507819167332846
-0.10321867109233546,0.1904233249973633,1.9453818897571475,-0.30940049892960164,1.587333504457372
0.7744083265183647,-2.1739376832997612,0.19960636976043442,0.5570872910897243,-0.5853509866442027
1.8424137319438196,1.0656768303163395,-0.10973279285112586,-0.07736338606309454,-0.36182821511719676
0.664253637460623,-2.946758899015325,-1.1715495553925992,0.47907479582787593,0.7612770029443164
0.7052225566794917,-2.3537837348975166,-2.1890831308317216,-0.5290081746443873,1.2955286049217014
-3.1821039060961063,1.1659507101063742,-0.2935067660380929,1.006412460551525,0.05768409729611423
0.5283037370888262,-2.3135922315027084,1.751766735943297,2.6581459297584162,0.42071848076656626
0.5645966099971811,-1.9149856870898936,1.4562204074778922,1.7670185062251844,-1.4056142900033863
-4.053736202876827,3.80664591910909,0.17895788519073352,-0.10008730691339869,1.654567229011308
-1.4769044854865974,-0.07198852932140191,0.8976827929115234,-0.32767566005723237,1.4141645470005102
3.4560572056623986,2.9012640042499585,-0.28565883913983436,-0.9855886512216281,0.3784801536952402
0.5494388528907614,-1.822587739062495,-1.0539443717930517,-1.7514634751310505,-0.37844756472713925
0.5112029683730498,-0.8754041590903106,0.5497238835020659,0.30337054417018544,-1.219691692686509
2.2430351849355072,1.7125553959906379,-0.32258231368257134,0.4252859235050913,-0.541908077374544
0.6924698552905921,0.27194974986472814,-0.4916704371978276,-1.7328546287541298,-0.957160233548746
1.1515763792243043,-4.13683246029999,-3.329023710234668,-1.7809568558923479,0.1990202672514735
0.6138732666019542,-2.5570631822220777,0.7301714733434788,2.2768685403869506,0.43913416187806065
2.878305945331102,1.4354948286442804,0.5505398546062653,-0.61781848841513,0.1484192643957455
-0.9530825632750556,1.73678247527426,-1.0051490611213934,0.5591937117276262,0.10898480351580452
1.0917357503704888,-1.853631672143011,-0.46460744476179344,-0.22176233440588417,-1.454536986098824
2.6353796676930528,1.4116168982802488,0.22600616983771046,0.3147040091008249,0.3357285611914588
-2.196329512093966,2.1993640947601425,-0.5498137020673233,0.0635293567996246,-0.4311221124887348
1.9406326855661913,1.2790229896558887,-0.19037188002716646,0.15716178270546974,-0.013653157071939198
-3.2008869398618467,1.360261250477548,-0.5623161598249132,0.5325179944235333,-1.6720630176060782
-2.8643738427040537,1.0983646571609538,-0.27741404765168953,1.3417510889302344,2.1372652848674254
0.0059013077133821205,0.419459553806766,1.5440064849234816,-0.9106538768799145,-0.9502710786757429
-3.9065725449775446,1.8498047216843225,-0.45514519605508974,0.517633276544554,-2.765261682122641
0.10487029336579066,-0.6571270943815055,-0.2904465757487134,0.5914879297551481,0.43164097725561895
0.642167698962728,-0.902786834104326,0.30651025416502525,1.5826007338296428,0.5009162758013347
-1.0253519140867537,0.936335922402548,-0.3258086312419437,-0.2131513555222212,-0.45680993969636463
-3.3150683233358325,2.7788530322295304,-1.1709898044790161,0.8528988890652118,-1.6509981657662516
1.7164937894278227,-0.8603114355377052,-0.36975027200331334,-0.3109344243440958,0.276452522775663
0.0348040516547856,-1.7878634898570975,1.3956307366536123,1.5890678876159663,0.20370961210538957
-0.45665089651963914,-0.8018231681544448,2.2621416135843364,-1.942975825455056,-0.8800250389754679
0.4556022527026764,-0.4382132183672451,-0.5270517194986222,-0.07393816300019582,-0.2391445953482689
0.21359342174009643,-1.172386082570981,-0.5765057747611099,-0.18729345060694566,0.7541437773427254
1.0710551157735344,-2.210023751582106,-0.23064910019216195,1.8268084589157145,0.9557315915383047
2.0512712206019175,-2.7105394477866116,1.483851657372523,3.1761459914747494,-0.09436867166880163
0.6496147239341679,-1.2549428424671565,-0.876919232872335,0.24192864864615965,-0.4055863915301353
0.3777078785694628,-0.8402862904815658,-0.5534402712188197,0.33232612342459267,-0.44997777782772913
0.8856309474316422,-2.2061700516759712,-0.6586918550891385,0.8294085599778732,0.7679417413559788
0.45339904665560155,-2.1637652293877894,0.8968598453468756,2.28551614147119,0.4817474421637976
0.9501572599954782,-2.1849438035998117,0.3195886523037355,1.7612508978199164,0.5564506460913523
1.2531612207178122,-1.0306998264362566,-1.1794254013892693,-0.927801333346593,-0.9824649078755053
1.2181987308072975,-2.6683520853126605,-0.8353115892604327,0.5418344710061468,-0.37751153954711836
0.39695648127142336,-2.1030653622972553,0.6209020493655736,1.842227341132783,0.18201089879759758
0.007425645166237578,-1.6105019345399632,1.3831862724797517,1.8720694528884272,-0.20690491078650425
0.9726865776546464,-2.6954024847905576,0.11093421950486887,2.1668498601190085,-0.5342820397402014
1.3258115174013128,-2.522797602860713,1.8111592768363824,3.285085838730437,-0.01826873065248211
0.9633798297087408,-3.5268454861604273,1.5163467612233295,3.7467708099194224,0.8225672909791367
0.6752979554901497,-1.5068825748774197,-0.8716248773035283,-0.31765581459025716,0.02054449281072215
0.5358184200672967,-2.1471779600850263,-0.7971892848272372,-0.14324062223108408,-0.2849837845889033
0.685985486585995,-0.42622749925900344,-0.75799266887277,-0.8547691251707178,-1.2947388852509338
1.3971408681424764,-3.220605256471021,0.12949192034946314,2.471392879830154,-0.05480675179742335
0.20889570326554258,-2.3943808019103088,-1.5692151921595046,-0.8593126052662018,1.8171606540375254
1.2258118311315804,-4.733713979475254,-1.291400627152927,2.321992635202507,-0.42147449399229703
1.003512393026978,-1.8533059058162544,-2.686585491105433,-2.3124515917110324,0.7922875148808683
0.9975716314887023,-1.8454204161977923,0.22716528991439408,0.36343661921301484,-0.2917840372846974
0.3567860502173891,-2.6005201762497943,1.7845314236038161,2.6206770325679543,-0.2145560673342132
0.6854502876696548,-2.3911177368578462,-2.0755049478979077,-1.2239408758009838,0.2420708450742331
0.5575326788412752,-1.8050335725644788,0.6404795594990015,2.2151644347309585,0.5080086018118691
0.645312582827119,-2.5965049821968993,1.7303054084767537,2.747115063057141,0.01376630438914782
0.24501362241712157,-1.0135339543545585,1.1958161317229379,1.7947377408992489,-0.4990922361596476
0.4930038209199016,-2.092187379166179,-0.17861008278661553,1.2622465300452517,0.5261838250337276
0.46441324669497325,-0.8094599776856245,-0.4274095472486031,0.5542922091037862,-0.15337614808806235
0.7055340178795761,-1.2957307630002528,-1.1480788081692614,-0.7092369376800881,1.0247975061054546
0.46105556392306946,-1.144129673273154,-0.2672806964252309,0.6360049437020511,0.5315437511038654
0.9740298079411644,-2.7261049069801513,-0.5156937385171685,1.8332909188045474,-0.7816651289616998
